Group,PDCD1,CTLA4,LAG3,TIGIT,HAVCR2,TOX
Normal tissue,149.87743173659135,90.14766705469518,42.33956152729248,147.74979194733916,39.65571449714657,52.69434163884261
Tumor tissue,289.064439379358,173.7113335689067,62.1138265973923,353.0239121596992,153.9247448857131,83.07544868872317
