comparison,p_value
nLung_vs_tLung,0.004152066088008021
tLung_vs_mBrain,1.2313676805570837e-12
nLung_vs_mBrain,1.1504944795859954e-10
